{"Tested Images": {"_type": "images/separated", "width": 28, "height": 28, "format": "png", "count": 10, "filenames": ["media/images/Tested Images_4_cfd2f340aac0626870b7.png", "media/images/Tested Images_4_f19f566df3a0eb547375.png", "media/images/Tested Images_4_36fab6c58b129ac298cd.png", "media/images/Tested Images_4_097240602221527f4d5c.png", "media/images/Tested Images_4_1468a3630bb8d6b6edef.png", "media/images/Tested Images_4_fdba972cfba2bf42d91b.png", "media/images/Tested Images_4_fec242706a5185a197f5.png", "media/images/Tested Images_4_466031668a090572467f.png", "media/images/Tested Images_4_ed1d8535afdbfe9c1440.png", "media/images/Tested Images_4_93602e8b7aa80561583c.png"], "captions": ["Predicted: 7, Ground-truth: 7", "Predicted: 9, Ground-truth: 9", "Predicted: 6, Ground-truth: 6", "Predicted: 6, Ground-truth: 6", "Predicted: 9, Ground-truth: 9", "Predicted: 3, Ground-truth: 3", "Predicted: 9, Ground-truth: 9", "Predicted: 1, Ground-truth: 1", "Predicted: 4, Ground-truth: 4", "Predicted: 7, Ground-truth: 7"]}, "Test Average Loss": 0.028862308847904205, "Test Accuarcy": 99.02, "_timestamp": 1657525364, "_runtime": 229, "_step": 4, "gradients/fc2.bias": {"_type": "histogram", "values": [1.0, 0.0, 1.0, 0.0, 0.0, 0.0, 0.0, 0.0, 0.0, 0.0, 0.0, 0.0, 0.0, 0.0, 0.0, 0.0, 0.0, 0.0, 0.0, 0.0, 0.0, 0.0, 1.0, 0.0, 0.0, 0.0, 0.0, 0.0, 1.0, 2.0, 0.0, 1.0, 0.0, 0.0, 0.0, 0.0, 0.0, 0.0, 1.0, 0.0, 1.0, 0.0, 0.0, 0.0, 0.0, 0.0, 0.0, 0.0, 0.0, 0.0, 0.0, 0.0, 0.0, 0.0, 0.0, 0.0, 0.0, 0.0, 0.0, 0.0, 0.0, 0.0, 0.0, 1.0], "bins": [-0.0026762657798826694, -0.0025832338724285364, -0.0024902019649744034, -0.002397170290350914, -0.002304138382896781, -0.002211106475442648, -0.002118074567988515, -0.002025042660534382, -0.0019320107530802488, -0.0018389788456261158, -0.0017459470545873046, -0.0016529151471331716, -0.0015598832396790385, -0.0014668514486402273, -0.0013738195411860943, -0.0012807876337319613, -0.00118775584269315, -0.001094723935239017, -0.0010016921442002058, -0.0009086602367460728, -0.0008156283292919397, -0.0007225964800454676, -0.0006295646307989955, -0.0005365327233448625, -0.00044350087409839034, -0.00035046899574808776, -0.0002574371173977852, -0.00016440526815131307, -7.137338980101049e-05, 2.1658488549292088e-05, 0.00011469033779576421, 0.00020772224524989724, 0.00030075409449636936, 0.00039378597284667194, 0.0004868178511969745, 0.0005798497004434466, 0.0006728816078975797, 0.0007659134571440518, 0.0008589453063905239, 0.0009519772138446569, 0.00104500912129879, 0.001138041028752923, 0.0012310728197917342, 0.0013241047272458673, 0.0014171366347000003, 0.0015101684257388115, 0.0016032003331929445, 0.0016962322406470776, 0.0017892640316858888, 0.0018822959391400218, 0.001975327730178833, 0.002068359637632966, 0.002161391545087099, 0.002254423452541232, 0.002347455359995365, 0.0024404870346188545, 0.0025335189420729876, 0.0026265508495271206, 0.0027195827569812536, 0.0028126146644353867, 0.002905646339058876, 0.002998678246513009, 0.003091710153967142, 0.003184742061421275, 0.003277773968875408]}, "gradients/fc2.weight": {"_type": "histogram", "values": [1.0, 1.0, 0.0, 0.0, 2.0, 0.0, 0.0, 1.0, 0.0, 0.0, 0.0, 0.0, 1.0, 0.0, 0.0, 1.0, 0.0, 0.0, 0.0, 0.0, 3.0, 4.0, 3.0, 3.0, 4.0, 5.0, 8.0, 6.0, 8.0, 9.0, 26.0, 54.0, 979.0, 73.0, 31.0, 16.0, 14.0, 6.0, 4.0, 1.0, 3.0, 1.0, 2.0, 2.0, 1.0, 0.0, 0.0, 1.0, 0.0, 1.0, 0.0, 0.0, 1.0, 0.0, 0.0, 1.0, 0.0, 0.0, 0.0, 1.0, 0.0, 0.0, 1.0, 1.0], "bins": [-0.022374747321009636, -0.02168365754187107, -0.020992567762732506, -0.02030147798359394, -0.019610388204455376, -0.01891929842531681, -0.018228210508823395, -0.01753712072968483, -0.016846030950546265, -0.0161549411714077, -0.015463851392269135, -0.01477276161313057, -0.014081671833992004, -0.01339058205485344, -0.012699493207037449, -0.012008403427898884, -0.011317312717437744, -0.010626222938299179, -0.009935133159160614, -0.009244043380022049, -0.008552953600883484, -0.007861863821744919, -0.007170774973928928, -0.006479685194790363, -0.005788595415651798, -0.005097505636513233, -0.004406415857374668, -0.0037153265438973904, -0.0030242367647588253, -0.0023331469856202602, -0.0016420576721429825, -0.0009509678930044174, -0.00025987811386585236, 0.0004312115488573909, 0.0011223012115806341, 0.0018133907578885555, 0.0025044805370271206, 0.0031955703161656857, 0.0038866596296429634, 0.0045777494087815285, 0.0052688391879200935, 0.005959928967058659, 0.006651018746197224, 0.007342108059674501, 0.00803319737315178, 0.008724287152290344, 0.00941537693142891, 0.010106466710567474, 0.01079755648970604, 0.011488646268844604, 0.01217973604798317, 0.012870825827121735, 0.0135619156062603, 0.014253005385398865, 0.014944094233214855, 0.015635184943675995, 0.01632627472281456, 0.017017364501953125, 0.01770845428109169, 0.018399544060230255, 0.01909063383936882, 0.019781723618507385, 0.02047281339764595, 0.021163903176784515, 0.02185499109327793]}, "gradients/fc1.bias": {"_type": "histogram", "values": [1.0, 0.0, 0.0, 0.0, 0.0, 0.0, 0.0, 0.0, 0.0, 1.0, 0.0, 0.0, 1.0, 0.0, 0.0, 0.0, 0.0, 0.0, 1.0, 1.0, 0.0, 0.0, 0.0, 1.0, 2.0, 4.0, 4.0, 5.0, 3.0, 2.0, 7.0, 14.0, 54.0, 9.0, 2.0, 2.0, 2.0, 0.0, 2.0, 3.0, 0.0, 0.0, 0.0, 0.0, 0.0, 0.0, 0.0, 1.0, 0.0, 2.0, 0.0, 1.0, 0.0, 1.0, 0.0, 0.0, 1.0, 0.0, 0.0, 0.0, 0.0, 0.0, 0.0, 1.0], "bins": [-0.0023596035316586494, -0.0022880923934280872, -0.002216581255197525, -0.002145070116966963, -0.002073558745905757, -0.0020020476076751947, -0.0019305364694446325, -0.0018590253312140703, -0.0017875141929835081, -0.001716003054752946, -0.0016444918001070619, -0.0015729806618764997, -0.0015014695236459374, -0.0014299582690000534, -0.0013584471307694912, -0.001286935992538929, -0.001215424737893045, -0.0011439135996624827, -0.0010724023450165987, -0.0010008912067860365, -0.0009293800685554743, -0.0008578688721172512, -0.000786357675679028, -0.0007148465374484658, -0.0006433353410102427, -0.0005718241445720196, -0.0005003130063414574, -0.00042880180990323424, -0.0003572906425688416, -0.0002857794752344489, -0.00021426827879622579, -0.00014275714056566358, -7.124594412744045e-05, 2.652304829098284e-07, 7.177640509326011e-05, 0.000143287586979568, 0.00021479875431396067, 0.00028630992164835334, 0.00035782111808657646, 0.00042933225631713867, 0.0005008434527553618, 0.0005723546491935849, 0.0006438657874241471, 0.0007153769838623703, 0.0007868881803005934, 0.0008583993185311556, 0.0009299105149693787, 0.00100142159499228, 0.001072932849638164, 0.0011444439878687263, 0.0012159552425146103, 0.0012874663807451725, 0.0013589775189757347, 0.001430488657206297, 0.001501999911852181, 0.0015735110500827432, 0.0016450223047286272, 0.0017165334429591894, 0.0017880446976050735, 0.0018595558358356357, 0.0019310669740661979, 0.002002578228712082, 0.002074089366942644, 0.0021456005051732063, 0.0022171116434037685]}, "gradients/fc1.weight": {"_type": "histogram", "values": [2.0, 1.0, 0.0, 1.0, 3.0, 1.0, 3.0, 6.0, 1.0, 2.0, 5.0, 9.0, 9.0, 18.0, 15.0, 28.0, 38.0, 43.0, 65.0, 96.0, 161.0, 156.0, 274.0, 385.0, 497.0, 952.0, 1771.0, 5075.0, 15386.0, 1133241.0, 12858.0, 3807.0, 1308.0, 877.0, 669.0, 467.0, 408.0, 218.0, 233.0, 153.0, 110.0, 70.0, 53.0, 46.0, 33.0, 21.0, 15.0, 14.0, 12.0, 5.0, 9.0, 5.0, 1.0, 5.0, 0.0, 0.0, 2.0, 0.0, 2.0, 0.0, 0.0, 1.0, 1.0, 1.0],